<?xml version="1.0" encoding="UTF-8" standalone="yes"?>
<addon id="script.filmnet.metadata" version="2.0.0" name="Filmnet Metadata" provider-name="Filmnet Devs Team">
	<requires>
		<import addon="xbmc.python" version="2.24.0"/>
	</requires>
	<extension point="xbmc.python.module" library="lib" />
	<extension point="xbmc.addon.metadata">
		<summary>Metadata for the Filmnet Addon</summary>
		<description>Metadata for Filmnet are maintained separately to make distribution of the the addon itself easier/faster.</description>
		<platform>all</platform>
	</extension>
</addon>
