<?xml version="1.0" encoding="UTF-8" standalone="yes"?>
<addon id="plugin.video.filmnet" version="3.2.3" name="Zouniflix" provider-name="Filmnet Devs Team">
    <requires>
        <import addon="xbmc.python" version="2.24.0" />
        <import addon="resource.images.filmnet.artwork" version="2.0.0" />
        <import addon="script.filmnet.metadata" version="2.0.0" />
        <import addon="script.module.resolveurl" version="5.0.00"/>
        <import addon="script.module.requests" version="2.22.0" />
    </requires>
    <extension point="xbmc.python.pluginsource" library="filmnet.py">
        <provides>video executable</provides>
    </extension>
    <extension point="xbmc.service" library="service.py" start="startup" />
    <extension point="xbmc.addon.metadata">
        <summary lang="en">Filmnet</summary>
        <reuselanguageinvoker>false</reuselanguageinvoker>
        <platform>all</platform>
        <description lang="en">[I]A New Generation[/I][CR][CR][B]Filmnet Movies and TV.[/B][CR][CR]This addon does not form part of the Kodi Media Centre. Please do not seek assistance or support for this addon on any of the Official Kodi Support Channels.</description>
        <description lang="el">[I]Μία νέα γενιά[/I][CR][CR][B]Filmnet Ταινίες και Τηλεόραση[/B][CR][CR]Το πρόσθετο αυτό δεν αποτελεί μέρος του συστήματος πολυμέσων Kodi. Παρακαλώ μην αναζητήσετε βοήθεια ή υποστήριξη για το παρόν πρόσθετο σε οποιοδήποτε επίσημο κανάλι υποστήριξης του Kodi.</description>
        <disclaimer lang="en">The author does not host any of the content in this addon and cannot be held responsible or liable for the content found.[CR][CR]The author of this addon has no affiliation with any of the content providers. This addon simply searches websites for content. Use at your own risk!</disclaimer>
        <disclaimer lang="el">Ο δημιουργός δεν φιλοξενεί οποιοδήποτε από τα απεικονιζόμενα πολυμέσα και δεν μπορεί να θεωρηθεί υπεύθυνος ή υπόλογος γι' αυτά. Ο δημιουργός δεν έχει απολύτως καμία σχέση, επαφή ή επικοινωνία με τους φιλοξενητές του περιεχομένου. Το πρόσθετο απλά εκτελεί αναζήτηση σε δημόσιους ιστότοπους για περιεχόμενο. Χρησιμοποιείται με αποκλειστική ευθύνη των τελικών χρηστών.</disclaimer>
        <license>GNU GENERAL PUBLIC LICENSE. Version 3, 29 June 2007</license>
        <!--<forum></forum>-->
        <!--<website></website>-->
        <!--<source></source>-->
        <assets>
            <icon>icon.png</icon>
            <fanart>fanart.jpg</fanart>
                <!--<screenshot>resources/screenshots/screenshot-01.jpg</screenshot>-->
                <!--<screenshot>resources/screenshots/screenshot-02.jpg</screenshot>-->
                <!--<screenshot>resources/screenshots/screenshot-03.jpg</screenshot>-->
        </assets>
        <news>+ 3.2.3
- fix trailer issues by adding NEW function</news>
    </extension>
</addon>
