<?xml version="1.0" encoding="UTF-8" standalone="yes"?>
<addon id="resource.images.filmnet.artwork" name="Filmnet Artwork" version="2.0.0" provider-name="Filmnet Devs Team">
	<extension point="kodi.resource.images" compile="false" type="Filmnet" />
	<requires>
		<import addon="kodi.resource" version="1.0.0"/>
        <import addon="xbmc.python" version="2.24.0"/>
	</requires>
    <extension point="xbmc.python.module" library="lib" />
	<extension point="xbmc.addon.metadata">
		<summary lang="en">Themes for the Filmnet Addon</summary>
		<description lang="en">Themes for the Filmnet Addon</description>
		<platform>all</platform>
	</extension>
</addon>
