<?xml version="1.0" encoding="UTF-8" standalone="yes"?>
<addon id="repository.zouniflix" name="Zouniflix repository" version="1.0" provider-name="Zouniflix repository">
    <extension point="xbmc.addon.repository" name="Zouniflix repository">
        <info compressed="false">https://raw.githubusercontent.com/zouniflix/zouniflix/master/addons.xml</info>
        <checksum>https://raw.githubusercontent.com/zouniflix/zouniflix/master/addons.xml.md5</checksum>
        <datadir zip="true">https://github.com/zouniflix/zouniflix/raw/master/</datadir>
    </extension>
    <extension point="xbmc.addon.metadata">
        <summary>Zouniflix repository</summary>
        <description>test</description>
        <platform>all</platform>
    </extension>
</addon>
