<?xml version="1.0" encoding="UTF-8" standalone="yes"?>
<addon id="repository.zouniflix" name="Zouniflix repository" version="1.0" provider-name="Zouniflix repository">
    <extension point="xbmc.addon.repository" name="Zouniflix repository">
        <info compressed="false">https://raw.githubusercontent.com/zouniflix/zouniflix/master/addons.xml</info>
        <checksum>https://raw.githubusercontent.com/zouniflix/zouniflix/master/addons.xml.md5</checksum>
        <datadir zip="true">https://github.com/zouniflix/zouniflix/raw/master/</datadir>
			<dir>
                <info compressed="false">https://raw.githubusercontent.com/Twilight0/repo.twilight0/master/_zips/addons.xml</info>
                <checksum>https://raw.githubusercontent.com/Twilight0/repo.twilight0/master/_zips/addons.xml.md5</checksum>
                <datadir zip="true">https://raw.githubusercontent.com/Twilight0/repo.twilight0/master/_zips/</datadir>
            </dir>
            <dir>
                <info compressed="false">https://raw.githubusercontent.com/Twilight0/repo.twilight0.libs/master/_zips/addons.xml</info>
                <checksum>https://raw.githubusercontent.com/Twilight0/repo.twilight0.libs/master/_zips/addons.xml.md5</checksum>
                <datadir zip="true">https://raw.githubusercontent.com/Twilight0/repo.twilight0.libs/master/_zips/</datadir>
            </dir>
            <dir>
                <info compressed="false">https://raw.githubusercontent.com/jsergio123/zips/master/addons.xml</info>
                <checksum>https://raw.githubusercontent.com/jsergio123/zips/master/addons.xml.md5</checksum>
                <datadir zip="true">https://raw.githubusercontent.com/jsergio123/zips/master/</datadir>
            </dir>
    </extension>
    <extension point="xbmc.addon.metadata">
        <summary>Zouniflix repository</summary>
        <description>test</description>
        <platform>all</platform>
    </extension>
</addon>
